{"cameraMode":{"drawMode":0,"name":"Shaded","section":"Shading Mode"},"sceneLighting":true,"audioPlay":false,"sceneViewState":{"showFog":true,"showMaterialUpdate":false,"showSkybox":false,"showFlares":true,"showImageEffects":true,"showParticleSystems":true},"in2DMode":false,"pivot":{"x":-102.24918365478516,"y":-4.188667297363281,"z":1.9096251726150513},"rotation":{"x":-0.06427588313817978,"y":0.568388044834137,"z":-0.04460407793521881,"w":-0.8190324306488037},"size":102.52232360839844,"orthographic":false}