{"cameraMode":{"drawMode":0,"name":"Shaded","section":"Shading Mode"},"sceneLighting":true,"audioPlay":false,"sceneViewState":{"showFog":true,"showMaterialUpdate":false,"showSkybox":false,"showFlares":true,"showImageEffects":true,"showParticleSystems":true},"in2DMode":false,"pivot":{"x":57.2526969909668,"y":17.936363220214845,"z":33.972129821777347},"rotation":{"x":0.06564708799123764,"y":-0.5561940670013428,"z":-0.044135067611932757,"w":-0.8272790908813477},"size":83.06907653808594,"orthographic":false}