{"cameraMode":{"drawMode":0,"name":"Shaded","section":"Shading Mode"},"sceneLighting":true,"audioPlay":false,"sceneViewState":{"showFog":true,"showMaterialUpdate":false,"showSkybox":false,"showFlares":true,"showImageEffects":true,"showParticleSystems":true},"in2DMode":false,"pivot":{"x":9.030789375305176,"y":-3.8896453380584719,"z":1.7578130960464478},"rotation":{"x":-0.1567527800798416,"y":-0.6217111945152283,"z":0.12882205843925477,"w":-0.756510853767395},"size":10.785737991333008,"orthographic":false}