{"cameraMode":{"drawMode":0,"name":"Shaded","section":"Shading Mode"},"sceneLighting":false,"audioPlay":false,"sceneViewState":{"showFog":true,"showMaterialUpdate":false,"showSkybox":false,"showFlares":true,"showImageEffects":true,"showParticleSystems":true},"in2DMode":false,"pivot":{"x":1.459119439125061,"y":0.9245420694351196,"z":2.737294912338257},"rotation":{"x":0.025312216952443124,"y":-0.9681994318962097,"z":0.10968885570764542,"w":0.22342267632484437},"size":1.8000571727752686,"orthographic":false}