{"cameraMode":{"drawMode":0,"name":"Shaded","section":"Shading Mode"},"sceneLighting":true,"audioPlay":false,"sceneViewState":{"showFog":true,"showMaterialUpdate":false,"showSkybox":false,"showFlares":true,"showImageEffects":true,"showParticleSystems":true},"in2DMode":false,"pivot":{"x":77.9811019897461,"y":-35.07074737548828,"z":-81.78279113769531},"rotation":{"x":0.09465139359235764,"y":0.8331488370895386,"z":-0.15059302747249604,"w":0.5236659049987793},"size":114.0278549194336,"orthographic":false}