{"cameraMode":{"drawMode":0,"name":"Shaded","section":"Shading Mode"},"sceneLighting":false,"audioPlay":false,"sceneViewState":{"showFog":true,"showMaterialUpdate":false,"showSkybox":false,"showFlares":true,"showImageEffects":true,"showParticleSystems":true},"in2DMode":false,"pivot":{"x":-0.06144579499959946,"y":-0.031973570585250857,"z":-0.09193655848503113},"rotation":{"x":-0.17076309025287629,"y":-0.08034276962280274,"z":-0.013973517343401909,"w":0.9819316864013672},"size":0.2573651671409607,"orthographic":false}