{"cameraMode":{"drawMode":0,"name":"Shaded","section":"Shading Mode"},"sceneLighting":true,"audioPlay":false,"sceneViewState":{"showFog":true,"showMaterialUpdate":false,"showSkybox":false,"showFlares":true,"showImageEffects":true,"showParticleSystems":true},"in2DMode":false,"pivot":{"x":-108.83427429199219,"y":-39.98777770996094,"z":8.809258460998536},"rotation":{"x":-0.1666497141122818,"y":0.5960246324539185,"z":-0.12816956639289857,"w":-0.7749549150466919},"size":114.0278549194336,"orthographic":false}