{"cameraMode":{"drawMode":0,"name":"Shaded","section":"Shading Mode"},"sceneLighting":true,"audioPlay":false,"sceneViewState":{"showFog":true,"showMaterialUpdate":false,"showSkybox":false,"showFlares":true,"showImageEffects":true,"showParticleSystems":true},"in2DMode":false,"pivot":{"x":-12.272597312927246,"y":5.867668151855469,"z":-3.4613611698150636},"rotation":{"x":-0.048924338072538379,"y":-0.6996053457260132,"z":-0.04812555015087128,"w":0.711226224899292},"size":12.612777709960938,"orthographic":false}