{"cameraMode":{"drawMode":0,"name":"Shaded","section":"Shading Mode"},"sceneLighting":false,"audioPlay":false,"sceneViewState":{"showFog":true,"showMaterialUpdate":false,"showSkybox":false,"showFlares":true,"showImageEffects":true,"showParticleSystems":true},"in2DMode":false,"pivot":{"x":2.8486223220825197,"y":4.191039085388184,"z":10.184154510498047},"rotation":{"x":-0.0731709897518158,"y":0.5324987173080444,"z":0.04627367481589317,"w":0.841991662979126},"size":8.573651313781739,"orthographic":false}