{"cameraMode":{"drawMode":0,"name":"Shaded","section":"Shading Mode"},"sceneLighting":true,"audioPlay":false,"sceneViewState":{"showFog":true,"showMaterialUpdate":false,"showSkybox":false,"showFlares":true,"showImageEffects":true,"showParticleSystems":true},"in2DMode":false,"pivot":{"x":3.2648096084594728,"y":1.9210176467895508,"z":-1.9706029891967774},"rotation":{"x":-0.0805608332157135,"y":-0.8037821650505066,"z":0.1118914783000946,"w":-0.5787266492843628},"size":8.83354377746582,"orthographic":false}