{"cameraMode":{"drawMode":0,"name":"Shaded","section":"Shading Mode"},"sceneLighting":true,"audioPlay":false,"sceneViewState":{"showFog":true,"showMaterialUpdate":false,"showSkybox":false,"showFlares":true,"showImageEffects":true,"showParticleSystems":true},"in2DMode":false,"pivot":{"x":-23.5218505859375,"y":7.742267608642578,"z":-2.1486148834228517},"rotation":{"x":-0.06358291208744049,"y":-0.9080027341842651,"z":-0.14949822425842286,"w":0.38618457317352297},"size":12.612777709960938,"orthographic":false}