{"cameraMode":{"drawMode":0,"name":"Shaded","section":"Shading Mode"},"sceneLighting":true,"audioPlay":false,"sceneViewState":{"showFog":true,"showMaterialUpdate":false,"showSkybox":false,"showFlares":true,"showImageEffects":true,"showParticleSystems":true},"in2DMode":false,"pivot":{"x":-13.116538047790528,"y":-48.5557975769043,"z":10.685002326965332},"rotation":{"x":-0.3860894441604614,"y":0.3968731462955475,"z":-0.18893583118915559,"w":-0.8110055327415466},"size":90.4879150390625,"orthographic":false}