{"cameraMode":{"drawMode":0,"name":"Shaded","section":"Shading Mode"},"sceneLighting":true,"audioPlay":false,"sceneViewState":{"showFog":true,"showMaterialUpdate":false,"showSkybox":false,"showFlares":true,"showImageEffects":true,"showParticleSystems":true},"in2DMode":false,"pivot":{"x":13.62369155883789,"y":-24.9740047454834,"z":61.565120697021487},"rotation":{"x":-0.2156839370727539,"y":-0.12788721919059754,"z":0.02850644290447235,"w":-0.967632532119751},"size":68.9560775756836,"orthographic":false}