{"cameraMode":{"drawMode":0,"name":"Shaded","section":"Shading Mode"},"sceneLighting":true,"audioPlay":false,"sceneViewState":{"showFog":true,"showMaterialUpdate":false,"showSkybox":false,"showFlares":true,"showImageEffects":true,"showParticleSystems":true},"in2DMode":false,"pivot":{"x":4.670262336730957,"y":2.098313331604004,"z":7.956232070922852},"rotation":{"x":0.07987534254789353,"y":0.18122057616710664,"z":-0.014769669622182846,"w":0.980082094669342},"size":12.0696439743042,"orthographic":false}