{"cameraMode":{"drawMode":0,"name":"Shaded","section":"Shading Mode"},"sceneLighting":true,"audioPlay":false,"sceneViewState":{"showFog":true,"showMaterialUpdate":false,"showSkybox":false,"showFlares":true,"showImageEffects":true,"showParticleSystems":true},"in2DMode":false,"pivot":{"x":1.7104333639144898,"y":1.3444547653198243,"z":0.6039714813232422},"rotation":{"x":-0.49934715032577517,"y":0.27798134088516238,"z":-0.1730474829673767,"w":-0.8021430373191834},"size":4.041658401489258,"orthographic":false}