{"cameraMode":{"drawMode":0,"name":"Shaded","section":"Shading Mode"},"sceneLighting":true,"audioPlay":false,"sceneViewState":{"showFog":true,"showMaterialUpdate":false,"showSkybox":false,"showFlares":true,"showImageEffects":true,"showParticleSystems":true},"in2DMode":false,"pivot":{"x":6.931106090545654,"y":13.069438934326172,"z":-47.285987854003909},"rotation":{"x":-0.043438658118247989,"y":0.9438249468803406,"z":0.13799643516540528,"w":0.29709357023239138},"size":8.573651313781739,"orthographic":false}