{"cameraMode":{"drawMode":0,"name":"Shaded","section":"Shading Mode"},"sceneLighting":true,"audioPlay":false,"sceneViewState":{"showFog":true,"showMaterialUpdate":false,"showSkybox":false,"showFlares":true,"showImageEffects":true,"showParticleSystems":true},"in2DMode":false,"pivot":{"x":43.61531066894531,"y":-0.6921958923339844,"z":-49.65586471557617},"rotation":{"x":-0.013073652051389218,"y":-0.9322924613952637,"z":0.03386969491839409,"w":-0.359878808259964},"size":83.06907653808594,"orthographic":false}