{"cameraMode":{"drawMode":0,"name":"Shaded","section":"Shading Mode"},"sceneLighting":true,"audioPlay":false,"sceneViewState":{"showFog":true,"showMaterialUpdate":false,"showSkybox":false,"showFlares":true,"showImageEffects":true,"showParticleSystems":true},"in2DMode":false,"pivot":{"x":2.6094462871551515,"y":2.9491775035858156,"z":-2.4444541931152345},"rotation":{"x":0.01949889399111271,"y":-0.8830221891403198,"z":-0.036830972880125049,"w":-0.46747732162475588},"size":10.785737991333008,"orthographic":false}