{"cameraMode":{"drawMode":0,"name":"Shaded","section":"Shading Mode"},"sceneLighting":true,"audioPlay":false,"sceneViewState":{"showFog":true,"showMaterialUpdate":false,"showSkybox":false,"showFlares":true,"showImageEffects":true,"showParticleSystems":true},"in2DMode":false,"pivot":{"x":1.1602017879486085,"y":8.189573287963868,"z":-49.535030364990237},"rotation":{"x":-0.03915712609887123,"y":0.9428995251655579,"z":-0.11974401026964188,"w":-0.3083319664001465},"size":12.612777709960938,"orthographic":false}