{"cameraMode":{"drawMode":0,"name":"Shaded","section":"Shading Mode"},"sceneLighting":true,"audioPlay":false,"sceneViewState":{"showFog":true,"showMaterialUpdate":false,"showSkybox":false,"showFlares":true,"showImageEffects":true,"showParticleSystems":true},"in2DMode":false,"pivot":{"x":0.47313153743743899,"y":76.34632110595703,"z":-22.974037170410158},"rotation":{"x":0.3297218084335327,"y":0.2872205376625061,"z":0.10604555904865265,"w":-0.8930522203445435},"size":90.84290313720703,"orthographic":false}