{"cameraMode":{"drawMode":0,"name":"Shaded","section":"Shading Mode"},"sceneLighting":true,"audioPlay":false,"sceneViewState":{"showFog":true,"showMaterialUpdate":false,"showSkybox":false,"showFlares":true,"showImageEffects":true,"showParticleSystems":true},"in2DMode":false,"pivot":{"x":-23.73434829711914,"y":7.5752153396606449,"z":74.91932678222656},"rotation":{"x":-0.025145353749394418,"y":-0.053168825805187228,"z":-0.0013410262763500214,"w":0.9982680082321167},"size":96.13882446289063,"orthographic":false}