{"cameraMode":{"drawMode":0,"name":"Shaded","section":"Shading Mode"},"sceneLighting":true,"audioPlay":false,"sceneViewState":{"showFog":true,"showMaterialUpdate":false,"showSkybox":false,"showFlares":true,"showImageEffects":true,"showParticleSystems":true},"in2DMode":false,"pivot":{"x":29.63927459716797,"y":-5.080101490020752,"z":-24.46184539794922},"rotation":{"x":0.04265185445547104,"y":0.903878927230835,"z":-0.09280458837747574,"w":0.4154166877269745},"size":39.038787841796878,"orthographic":false}