{"cameraMode":{"drawMode":0,"name":"Shaded","section":"Shading Mode"},"sceneLighting":false,"audioPlay":false,"sceneViewState":{"showFog":true,"showMaterialUpdate":false,"showSkybox":false,"showFlares":true,"showImageEffects":true,"showParticleSystems":true},"in2DMode":false,"pivot":{"x":0.0032163672149181368,"y":0.1594325304031372,"z":0.5045493245124817},"rotation":{"x":0.009321378543972969,"y":-0.9856311082839966,"z":0.1583634912967682,"w":0.058013059198856357},"size":0.30005723237991335,"orthographic":false}