{"cameraMode":{"drawMode":0,"name":"Shaded","section":"Shading Mode"},"sceneLighting":true,"audioPlay":false,"sceneViewState":{"showFog":true,"showMaterialUpdate":false,"showSkybox":false,"showFlares":true,"showImageEffects":true,"showParticleSystems":true},"in2DMode":false,"pivot":{"x":-73.42428588867188,"y":-17.572065353393556,"z":-29.331588745117189},"rotation":{"x":-0.07115216553211212,"y":0.8141895532608032,"z":-0.10215377807617188,"w":-0.5670955777168274},"size":89.33209228515625,"orthographic":false}