{"cameraMode":{"drawMode":0,"name":"Shaded","section":"Shading Mode"},"sceneLighting":true,"audioPlay":false,"sceneViewState":{"showFog":true,"showMaterialUpdate":false,"showSkybox":false,"showFlares":true,"showImageEffects":true,"showParticleSystems":true},"in2DMode":false,"pivot":{"x":1.62086820602417,"y":2.538618564605713,"z":-1.2584410905838013},"rotation":{"x":-0.014400140382349491,"y":-0.7370225191116333,"z":0.015711383894085885,"w":-0.6755321025848389},"size":2.745234251022339,"orthographic":false}