{"cameraMode":{"drawMode":0,"name":"Shaded","section":"Shading Mode"},"sceneLighting":true,"audioPlay":false,"sceneViewState":{"showFog":true,"showMaterialUpdate":false,"showSkybox":false,"showFlares":true,"showImageEffects":true,"showParticleSystems":true},"in2DMode":false,"pivot":{"x":8.276830673217774,"y":8.946228981018067,"z":-43.87333679199219},"rotation":{"x":-0.10620903223752976,"y":0.5006258487701416,"z":-0.06205150485038757,"w":-0.8568798899650574},"size":12.612777709960938,"orthographic":false}