{"cameraMode":{"drawMode":0,"name":"Shaded","section":"Shading Mode"},"sceneLighting":true,"audioPlay":false,"sceneViewState":{"showFog":true,"showMaterialUpdate":false,"showSkybox":false,"showFlares":true,"showImageEffects":true,"showParticleSystems":true},"in2DMode":false,"pivot":{"x":55.96532440185547,"y":14.633167266845704,"z":59.29774856567383},"rotation":{"x":-0.060177408158779147,"y":0.3453437089920044,"z":0.022195564582943918,"w":0.9362819790840149},"size":89.33209228515625,"orthographic":false}