{"cameraMode":{"drawMode":0,"name":"Shaded","section":"Shading Mode"},"sceneLighting":true,"audioPlay":false,"sceneViewState":{"showFog":true,"showMaterialUpdate":false,"showSkybox":false,"showFlares":true,"showImageEffects":true,"showParticleSystems":true},"in2DMode":false,"pivot":{"x":0.9052470922470093,"y":3.8608906269073488,"z":-3.722595691680908},"rotation":{"x":0.027516977861523629,"y":0.9722923040390015,"z":0.15410536527633668,"w":-0.1736147552728653},"size":4.041658401489258,"orthographic":false}