{"cameraMode":{"drawMode":0,"name":"Shaded","section":"Shading Mode"},"sceneLighting":true,"audioPlay":false,"sceneViewState":{"showFog":true,"showMaterialUpdate":false,"showSkybox":false,"showFlares":true,"showImageEffects":true,"showParticleSystems":true},"in2DMode":false,"pivot":{"x":-18.89113426208496,"y":-72.33081817626953,"z":40.785560607910159},"rotation":{"x":-0.4216497242450714,"y":0.01370891835540533,"z":-0.0063738105818629269,"w":-0.9066327214241028},"size":114.0278549194336,"orthographic":false}