{"cameraMode":{"drawMode":0,"name":"Shaded","section":"Shading Mode"},"sceneLighting":true,"audioPlay":false,"sceneViewState":{"showFog":true,"showMaterialUpdate":false,"showSkybox":false,"showFlares":true,"showImageEffects":true,"showParticleSystems":true},"in2DMode":false,"pivot":{"x":23.854034423828126,"y":-17.62409782409668,"z":-75.31705474853516},"rotation":{"x":0.020730288699269296,"y":0.9791895151138306,"z":-0.13630788028240205,"w":0.14892366528511048},"size":89.33209228515625,"orthographic":false}