{"cameraMode":{"drawMode":0,"name":"Shaded","section":"Shading Mode"},"sceneLighting":true,"audioPlay":false,"sceneViewState":{"showFog":true,"showMaterialUpdate":false,"showSkybox":false,"showFlares":true,"showImageEffects":true,"showParticleSystems":true},"in2DMode":false,"pivot":{"x":-1.9286073446273804,"y":7.48941707611084,"z":-48.912906646728519},"rotation":{"x":0.006157466676086187,"y":-0.22472093999385835,"z":0.0014196289703249932,"w":0.974402666091919},"size":12.612777709960938,"orthographic":false}