{"cameraMode":{"drawMode":0,"name":"Shaded","section":"Shading Mode"},"sceneLighting":true,"audioPlay":false,"sceneViewState":{"showFog":true,"showMaterialUpdate":false,"showSkybox":false,"showFlares":true,"showImageEffects":true,"showParticleSystems":true},"in2DMode":false,"pivot":{"x":54.229740142822269,"y":-16.527023315429689,"z":63.80899429321289},"rotation":{"x":0.10445103049278259,"y":0.3383140563964844,"z":-0.03781653195619583,"w":0.9344536066055298},"size":89.33209228515625,"orthographic":false}