{"cameraMode":{"drawMode":0,"name":"Shaded","section":"Shading Mode"},"sceneLighting":true,"audioPlay":false,"sceneViewState":{"showFog":true,"showMaterialUpdate":false,"showSkybox":false,"showFlares":true,"showImageEffects":true,"showParticleSystems":true},"in2DMode":false,"pivot":{"x":-19.312816619873048,"y":-0.6410838961601257,"z":69.67975616455078},"rotation":{"x":-0.0345081090927124,"y":0.13095486164093018,"z":-0.004560793749988079,"w":-0.9907770752906799},"size":89.33209228515625,"orthographic":false}