{"cameraMode":{"drawMode":0,"name":"Shaded","section":"Shading Mode"},"sceneLighting":true,"audioPlay":false,"sceneViewState":{"showFog":true,"showMaterialUpdate":false,"showSkybox":false,"showFlares":true,"showImageEffects":true,"showParticleSystems":true},"in2DMode":false,"pivot":{"x":80.02279663085938,"y":-49.852108001708987,"z":-70.77013397216797},"rotation":{"x":-0.17672371864318849,"y":-0.6912298798561096,"z":0.18042181432247163,"w":-0.6770656704902649},"size":114.0278549194336,"orthographic":false}