{"cameraMode":{"drawMode":0,"name":"Shaded","section":"Shading Mode"},"sceneLighting":true,"audioPlay":false,"sceneViewState":{"showFog":true,"showMaterialUpdate":false,"showSkybox":false,"showFlares":true,"showImageEffects":true,"showParticleSystems":true},"in2DMode":false,"pivot":{"x":-65.27962493896485,"y":6.988976001739502,"z":-71.20079803466797},"rotation":{"x":-0.007906639948487282,"y":-0.9340808987617493,"z":-0.020725442096590997,"w":0.3563717305660248},"size":89.33209228515625,"orthographic":false}