{"cameraMode":{"drawMode":0,"name":"Shaded","section":"Shading Mode"},"sceneLighting":true,"audioPlay":false,"sceneViewState":{"showFog":true,"showMaterialUpdate":false,"showSkybox":false,"showFlares":true,"showImageEffects":true,"showParticleSystems":true},"in2DMode":false,"pivot":{"x":-16.955121994018556,"y":-4.963800430297852,"z":53.97782897949219},"rotation":{"x":-0.06626724451780319,"y":0.003661791328340769,"z":-0.00024183941422961652,"w":-0.9977951645851135},"size":102.52232360839844,"orthographic":false}