{"cameraMode":{"drawMode":0,"name":"Shaded","section":"Shading Mode"},"sceneLighting":true,"audioPlay":false,"sceneViewState":{"showFog":true,"showMaterialUpdate":false,"showSkybox":false,"showFlares":true,"showImageEffects":true,"showParticleSystems":true},"in2DMode":false,"pivot":{"x":3.8029274940490724,"y":5.532686710357666,"z":-3.065605640411377},"rotation":{"x":0.010788051411509514,"y":-0.07256849110126496,"z":0.0007836247095838189,"w":0.9973047971725464},"size":8.438448905944825,"orthographic":false}