{"cameraMode":{"drawMode":0,"name":"Shaded","section":"Shading Mode"},"sceneLighting":true,"audioPlay":false,"sceneViewState":{"showFog":true,"showMaterialUpdate":false,"showSkybox":false,"showFlares":true,"showImageEffects":true,"showParticleSystems":true},"in2DMode":false,"pivot":{"x":1.1432685852050782,"y":2.049791097640991,"z":-0.888105571269989},"rotation":{"x":-0.049275271594524387,"y":0.8959918022155762,"z":-0.10287148505449295,"w":-0.42917144298553469},"size":3.186946153640747,"orthographic":false}