{"cameraMode":{"drawMode":0,"name":"Shaded","section":"Shading Mode"},"sceneLighting":true,"audioPlay":false,"sceneViewState":{"showFog":true,"showMaterialUpdate":false,"showSkybox":false,"showFlares":true,"showImageEffects":true,"showParticleSystems":true},"in2DMode":false,"pivot":{"x":6.150740146636963,"y":8.850102424621582,"z":-49.27573776245117},"rotation":{"x":-0.019733255729079248,"y":0.09210258722305298,"z":-0.001824991311877966,"w":-0.9955523610115051},"size":8.573651313781739,"orthographic":false}