{"cameraMode":{"drawMode":0,"name":"Shaded","section":"Shading Mode"},"sceneLighting":true,"audioPlay":false,"sceneViewState":{"showFog":true,"showMaterialUpdate":false,"showSkybox":false,"showFlares":true,"showImageEffects":true,"showParticleSystems":true},"in2DMode":false,"pivot":{"x":-29.464588165283204,"y":15.267677307128907,"z":-8.950196266174317},"rotation":{"x":0.1339668482542038,"y":0.6221843361854553,"z":0.10916434228420258,"w":-0.7635592222213745},"size":8.83354377746582,"orthographic":false}