{"cameraMode":{"drawMode":0,"name":"Shaded","section":"Shading Mode"},"sceneLighting":true,"audioPlay":false,"sceneViewState":{"showFog":true,"showMaterialUpdate":false,"showSkybox":false,"showFlares":true,"showImageEffects":true,"showParticleSystems":true},"in2DMode":false,"pivot":{"x":-32.44078826904297,"y":-65.55899047851563,"z":14.69235610961914},"rotation":{"x":0.46787789463996889,"y":-0.15498584508895875,"z":0.08372708410024643,"w":0.8660597801208496},"size":96.13882446289063,"orthographic":false}