{"cameraMode":{"drawMode":0,"name":"Shaded","section":"Shading Mode"},"sceneLighting":true,"audioPlay":false,"sceneViewState":{"showFog":true,"showMaterialUpdate":false,"showSkybox":false,"showFlares":true,"showImageEffects":true,"showParticleSystems":true},"in2DMode":false,"pivot":{"x":94.95305633544922,"y":-4.94920539855957,"z":28.297740936279298},"rotation":{"x":0.07438909262418747,"y":0.5198419094085693,"z":-0.045506082475185397,"w":0.8497999310493469},"size":94.86199188232422,"orthographic":false}