{"cameraMode":{"drawMode":0,"name":"Shaded","section":"Shading Mode"},"sceneLighting":true,"audioPlay":false,"sceneViewState":{"showFog":true,"showMaterialUpdate":false,"showSkybox":false,"showFlares":true,"showImageEffects":true,"showParticleSystems":true},"in2DMode":false,"pivot":{"x":-0.3546468913555145,"y":7.571627140045166,"z":-44.45275115966797},"rotation":{"x":0.0390617810189724,"y":-0.5060150027275086,"z":0.02294745296239853,"w":0.8613341450691223},"size":12.612777709960938,"orthographic":false}