{"cameraMode":{"drawMode":0,"name":"Shaded","section":"Shading Mode"},"sceneLighting":true,"audioPlay":false,"sceneViewState":{"showFog":true,"showMaterialUpdate":false,"showSkybox":false,"showFlares":true,"showImageEffects":true,"showParticleSystems":true},"in2DMode":false,"pivot":{"x":7.85282564163208,"y":1.5010566711425782,"z":-0.4301496744155884},"rotation":{"x":-0.051133688539266589,"y":-0.6546897888183594,"z":0.04446817934513092,"w":-0.75285404920578},"size":8.83354377746582,"orthographic":false}