{"cameraMode":{"drawMode":0,"name":"Shaded","section":"Shading Mode"},"sceneLighting":true,"audioPlay":false,"sceneViewState":{"showFog":true,"showMaterialUpdate":false,"showSkybox":false,"showFlares":true,"showImageEffects":true,"showParticleSystems":true},"in2DMode":false,"pivot":{"x":-23.278697967529298,"y":1.0815099477767945,"z":13.210185050964356},"rotation":{"x":-0.04043612629175186,"y":0.582830548286438,"z":-0.02905694954097271,"w":-0.8110666871070862},"size":33.69150161743164,"orthographic":false}