{"cameraMode":{"drawMode":0,"name":"Shaded","section":"Shading Mode"},"sceneLighting":true,"audioPlay":false,"sceneViewState":{"showFog":true,"showMaterialUpdate":false,"showSkybox":false,"showFlares":true,"showImageEffects":true,"showParticleSystems":true},"in2DMode":false,"pivot":{"x":-38.10184097290039,"y":3.5965449810028078,"z":-33.032470703125},"rotation":{"x":-0.006560704670846462,"y":-0.8672299981117249,"z":-0.011434034444391728,"w":0.49773332476615908},"size":44.919036865234378,"orthographic":false}