{"cameraMode":{"drawMode":0,"name":"Shaded","section":"Shading Mode"},"sceneLighting":true,"audioPlay":false,"sceneViewState":{"showFog":true,"showMaterialUpdate":false,"showSkybox":false,"showFlares":true,"showImageEffects":true,"showParticleSystems":true},"in2DMode":false,"pivot":{"x":2.3316104412078859,"y":0.2523001730442047,"z":2.834017038345337},"rotation":{"x":0.1349080502986908,"y":0.20439910888671876,"z":-0.028454815968871118,"w":0.9691290855407715},"size":11.29884147644043,"orthographic":false}