{"cameraMode":{"drawMode":0,"name":"Shaded","section":"Shading Mode"},"sceneLighting":true,"audioPlay":false,"sceneViewState":{"showFog":true,"showMaterialUpdate":false,"showSkybox":false,"showFlares":true,"showImageEffects":true,"showParticleSystems":true},"in2DMode":false,"pivot":{"x":10.982803344726563,"y":2.371025562286377,"z":6.99491024017334},"rotation":{"x":-0.05013485625386238,"y":-0.4829270839691162,"z":0.02770904265344143,"w":-0.8737850189208984},"size":22.671161651611329,"orthographic":false}