{"cameraMode":{"drawMode":0,"name":"Shaded","section":"Shading Mode"},"sceneLighting":true,"audioPlay":false,"sceneViewState":{"showFog":true,"showMaterialUpdate":false,"showSkybox":false,"showFlares":true,"showImageEffects":true,"showParticleSystems":true},"in2DMode":false,"pivot":{"x":0.8354291915893555,"y":1.4727016687393189,"z":-1.3679064512252808},"rotation":{"x":-0.1619582325220108,"y":0.6516943573951721,"z":-0.14525918662548066,"w":-0.7266112565994263},"size":4.041658401489258,"orthographic":false}