{"cameraMode":{"drawMode":0,"name":"Shaded","section":"Shading Mode"},"sceneLighting":true,"audioPlay":false,"sceneViewState":{"showFog":true,"showMaterialUpdate":false,"showSkybox":false,"showFlares":true,"showImageEffects":true,"showParticleSystems":true},"in2DMode":false,"pivot":{"x":45.177833557128909,"y":-2.029665946960449,"z":32.44871139526367},"rotation":{"x":0.05143982917070389,"y":0.3192365765571594,"z":-0.01735823042690754,"w":0.9461187720298767},"size":102.52232360839844,"orthographic":false}