{"cameraMode":{"drawMode":0,"name":"Shaded","section":"Shading Mode"},"sceneLighting":true,"audioPlay":false,"sceneViewState":{"showFog":true,"showMaterialUpdate":false,"showSkybox":false,"showFlares":true,"showImageEffects":true,"showParticleSystems":true},"in2DMode":false,"pivot":{"x":-2.577136993408203,"y":6.4785590171813969,"z":-2.0242385864257814},"rotation":{"x":0.05005861446261406,"y":0.8157065510749817,"z":-0.07140711694955826,"w":0.571854829788208},"size":8.438448905944825,"orthographic":false}