{"cameraMode":{"drawMode":0,"name":"Shaded","section":"Shading Mode"},"sceneLighting":false,"audioPlay":false,"sceneViewState":{"showFog":true,"showMaterialUpdate":false,"showSkybox":false,"showFlares":true,"showImageEffects":true,"showParticleSystems":true},"in2DMode":false,"pivot":{"x":18.75484275817871,"y":-0.5290193557739258,"z":-5.164485454559326},"rotation":{"x":-0.004674839321523905,"y":-0.8012374043464661,"z":0.006261072587221861,"w":-0.5982955694198608},"size":22.0,"orthographic":false}