{"cameraMode":{"drawMode":0,"name":"Shaded","section":"Shading Mode"},"sceneLighting":true,"audioPlay":false,"sceneViewState":{"showFog":true,"showMaterialUpdate":false,"showSkybox":false,"showFlares":true,"showImageEffects":true,"showParticleSystems":true},"in2DMode":false,"pivot":{"x":6.816150188446045,"y":0.8765438795089722,"z":1.756870985031128},"rotation":{"x":0.087816521525383,"y":0.5946850180625916,"z":-0.06557122617959976,"w":0.7964536547660828},"size":11.29884147644043,"orthographic":false}